<?xml version="0.0.1" encoding="UTF-8" standalone="yes"?>
<addon id="plugin.video.serieonlinehd" name="Série Online HD" version="1.0.0" provider-name="AddonBrasil">
  <requires>
    <import addon="xbmc.python" version="2.1.0"/>
		<import addon="script.module.urlresolver" version="2.10.0"/>
  </requires>
	
  <extension point="xbmc.python.pluginsource" library="default.py">
    <provides>video</provides>
  </extension>
	
  <extension point="xbmc.addon.metadata">
    <summary lang="en">Séries Legendadas</summary>
    <description lang="en">
			No addon Serie Online HD voce assiste series legendadas com qualidade HD, separados por categorias e anos, tudo com um so clique.
		</description>
		<language>en</language>
		<platform>all</platform>
		<license>GNU GENERAL PUBLIC LICENSE. Version 2, June 1991</license>
		<website>http://www.serieonlinehd.com/</website>
  </extension>
</addon>
