<?xml version="1.0" encoding="UTF-8" standalone="yes"?>
<addon id="plugin.video.anitube" name="AniTube - Animes Online" version="1.0.0" provider-name="AddonBrasil">
  <requires>
    <import addon="xbmc.python" version="2.1.0"/>
  </requires>
  <extension point="xbmc.python.pluginsource" library="addon.py">
    <provides>video</provides>
  </extension>
  <extension point="xbmc.addon.metadata">
    <language>en</language>
    <platform>all</platform>
    <summary lang="en">AniTube - Animes Online</summary>
    <description lang="en">No AniTube você assiste animes legendados com qualidade SD e HD</description>
    <platform>all</platform>
  </extension>
</addon>
