<?xml version="0.0.1" encoding="UTF-8" standalone="yes"?>
<addon id="plugin.video.cinemainterativo" name="Cinema Interativo" version="1.0.4" provider-name="AddonBrasil">
  <requires>
    <import addon="xbmc.python" version="2.1.0"/>
		<import addon="script.module.urlresolver" version="2.10.0"/>
		<import addon="script.extendedinfo" version="3.1.0"/>
  </requires>
	
  <extension point="xbmc.python.pluginsource" library="addon.py">
    <provides>video</provides>
  </extension>
	
  <extension point="xbmc.addon.metadata">
    <summary lang="en">Cinema Interativo</summary>
    <description lang="en">
			No addon Cinema Interativo voce assiste filmes legendados e dublados com quaidade HD, separados por categorias e anos, tudo com um so clique 
			e ainda pode ver as informacoes ou assistir ao trailer do filme no submenu do addon (Botao direito do mouse ou tecla "C").
		</description>
		<language>en</language>
		<platform>all</platform>
		<license>GNU GENERAL PUBLIC LICENSE. Version 2, June 1991</license>
		<website>http://www.cinemainterativo.com/</website>
  </extension>
</addon>
