<?xml version="1.0" encoding="UTF-8"?>
<addon id="plugin.video.lusotv"
       name="LusoTV"
       version="1.0.0"
       provider-name="AddonBrasil">
    <requires>
        <import addon="xbmc.python" version="2.1.0"/>
	<import addon="script.module.t0mm0.common" version="1.0.0"/>
    </requires>
    <extension point="xbmc.python.pluginsource" library="default.py">
        <provides>video</provides>
    </extension>
    <extension point="xbmc.addon.metadata">
        <summary>Luso TV</summary>
        <description>Canais de TV Portugueses</description>
        <platform>all</platform>
    </extension>
</addon>