<?xml version="1.0" encoding="UTF-8" standalone="yes"?>
<addon id="plugin.video.animebrasil" name="Anime Brasil" version="2.0.3" provider-name="AddonBrasil">
  <requires>
    <import addon="xbmc.python" version="2.1.0"/>
  </requires>
	
  <extension point="xbmc.python.pluginsource" library="addon.py">
    <provides>video</provides>
  </extension>
	
  <extension point="xbmc.addon.metadata">
    <language>en</language>
    <platform>all</platform>
    <summary lang="en">Anime Brasil - Animes Legendados Online</summary>
    <description lang="en">No Anime Brasil voce assiste animes legendados com audio original em qualidade SD e HD</description>
    <platform>all</platform>
  </extension>
</addon>
