<?xml version="1.0" encoding="UTF-8"?>
<addon id="plugin.video.filmesondemand" name="Filmes On Demand" version="1.0.0" provider-name="AddonBrasil">
    <requires>
        <import addon="xbmc.python" version="2.1.0"/>
        <import addon="script.module.t0mm0.common" version="2.1.1"/>
		    <import addon="script.module.metahandler" version="2.5.1"/>
    </requires>
		
    <extension point="xbmc.python.pluginsource" library="default.py">
        <provides>video</provides>
    </extension>
		
    <extension point="xbmc.addon.metadata">
        <summary>Filmes On Demand</summary>
        <description>No Filmes online voce assiste filmes dublados e legendados com um só clique</description>
        <platform>all</platform>
    </extension>
</addon>