<?xml version="1.0" encoding="UTF-8" standalone="yes"?>
<addon id="plugin.video.andersonguimaraes" name="Anderson Guimarães" version="2.0.2" provider-name="AddonBrasil">
  <requires>
    <import addon="xbmc.python" version="2.1.0"/>
    <import addon="script.module.addon.common" version="2.0.0"/>
    <import addon="plugin.video.youtube" version="5.0.0"/>
  </requires>
	
  <extension point="xbmc.python.pluginsource" library="default.py">
    <provides>video</provides>
  </extension>
	
  <extension point="xbmc.addon.metadata">
    <summary lang="en">Anderson Guimaraes</summary>
    <description lang="en">Canal do Youtube Anderson Guimaraes com dicas, truques e tutoriais para Kodi agora diretamente no Kodi</description>
    <platform>all</platform>
    <forum></forum>
    <website></website>
  </extension>
</addon>
