<addon id="plugin.video.cinecult" name="Cine Cult" provider-name="AddonBrasil" version="1.0.0">   
		<requires>
				<import addon="xbmc.python" version="2.1.0"/>
		</requires>
	
		<extension library="addon.py" point="xbmc.python.pluginsource">   
				<provides>video</provides>   
		</extension>   
		
		<extension point="xbmc.addon.metadata">   
				<language>en</language>   
				<platform>all</platform>   
				<summary lang="en">Cine Cult</summary>   
				<description lang="en">Assista aos melhores filmes cult, alternativos, classicos e raros, dublados e legendados.</description>   
				<platform>all</platform>   
		</extension>   
</addon>