<?xml version="0.0.1" encoding="UTF-8" standalone="yes"?>
<addon id="plugin.video.cinemainterativo" name="Cinema Interativo" version="2.0.0" provider-name="AddonBrasil">
  <requires>
    <import addon="xbmc.python" version="2.1.0"/>
		<import addon="script.mrknow.urlresolver" version="2.10.0"/>
  </requires>
	
  <extension point="xbmc.python.pluginsource" library="addon.py">
    <provides>video</provides>
  </extension>
	
  <extension point="xbmc.addon.metadata">
    <summary lang="en">Filmes Dublados e Legendados</summary>
    <description lang="en">No addon Cinema Interativo voce assiste filmes legendados e dublados com qualidade HD, separados por categorias e anos.</description>
		<language>en</language>
		<platform>all</platform>
		<license>GNU GENERAL PUBLIC LICENSE. Version 2, June 1991</license>
		<website>http://www.cinemainterativo.com/</website>
  </extension>
</addon>
