<?xml version="1.0" encoding="UTF-8" standalone="yes"?>
<addon id="plugin.video.seriesonlinehd" name="Séries Online HD" version="1.0.0" provider-name="AddonBrasil">
  <requires>
    <import addon="xbmc.python" version="2.1.0"/>
    <import addon="script.module.urlresolver"  optional="true"/>
    <import addon="script.common.plugin.cache" optional="true"/>
    <import addon="script.module.simplejson" optional="true"/>
		<import addon="script.module.parsedom" optional="true"/>
  </requires>
  <extension point="xbmc.python.pluginsource" library="default.py">
        <provides>video</provides>
  </extension>
  <extension point="xbmc.addon.metadata">
    <summary lang="en"></summary>
    <description lang="en"></description>
    <platform>all</platform>
  </extension>
</addon>
