<?xml version="1.0" encoding="UTF-8" standalone="yes"?>
<addon id="plugin.video.cartoons" name="Cartoons" version="1.0.0" provider-name="AddonBrasil">
  <requires>
    <import addon="xbmc.python" version="2.1.0"/>
  </requires>
	
  <extension point="xbmc.python.pluginsource" library="addon.py">
    <provides>video</provides>
  </extension>
	
  <extension point="xbmc.addon.metadata">
    <language>en</language>
    <platform>all</platform>
    <summary lang="en">Cartoons Novos e Antigos</summary>
    <description lang="en">No Cartoons voce assiste desenhos animados novos e antigos</description>
    <platform>all</platform>
  </extension>
</addon>
